<?xml version="1.0" encoding="UTF-8"?>
<!DOCTYPE mapper
	PUBLIC "-//mybatis.org//DTD Mapper 3.0//EN"
	"http://mybatis.org/dtd/mybatis-3-mapper.dtd">
	<mapper namespace="com.naver.kus.service.MemberDao">
		<resultMap type="com.naver.kus.entities.Member" id="memberMap">
			<id property="id" column="id"/>
			<id property="name" column="name"/>
			<id property="password" column="password"/>
			<id property="phone1" column="phone1"/>
			<id property="phone2" column="phone2"/>
			<id property="phone3" column="phone3"/>
			<id property="zipcode" column="zipcode"/>
			<id property="addr1" column="addr1"/>
			<id property="addr2" column="addr2"/>
			<id property="email" column="email"/>
			<id property="cardno" column="cardno"/>
			<id property="inputdate" column="inputdate"/>
			<id property="job" column="job"/>
			<id property="memberlevel" column="memberlevel"/>
			<id property="photo" column="photo"/>
		</resultMap>
		<select id="selectOne" parameterType="String" resultMap="memberMap">
			select*from member where id=#{id}
		</select>
		<select id="selectCount" parameterType="String" resultType="int">
			select count(*) from member where id=#{id}
		</select>
		<insert id="insertMember" parameterType="hashMap">
			insert into member (id,name,password,phone1,phone2,phone3,email) values(#{id},#{name},#{password},#{phone1},#{phone2},#{phone3},#{email})
		</insert>
		<select id="selectAll" resultMap="memberMap">
			select*from member
		</select>
		<insert id="updateRow" parameterType="hashMap">
			update member set name=#{name},password=#{password},phone1=#{phone1},phone2=#{phone2},phone3=#{phone3} where id=#{id}
		</insert>
		<delete id="deleteOne" parameterType="String">
			delete from member where id=#{id}
		</delete>
		<select id="selectLogin" parameterType="hashMap" resultMap="memberMap">
			select*from member where email=#{email} and password=#{password}
		</select>
	</mapper>