<?xml version="1.0" encoding="UTF-8"?>

<!-- default directory 설정 -->

<decorators defaultdir="/WEB-INF/views">

	<!-- sample -->
	<decorator name="home" page="layout/layout.jsp">
		<pattern>/</pattern>
	</decorator>
	<decorator name="header" page="layout/header.jsp"/>
	<decorator name="body" page="layout/body.jsp"/>
	<decorator name="footer" page="layout/footer.jsp"/>

	<!-- decorators를 적용시키지 않을 url 패턴 -->

	<excludes>
		<pattern>/excludes/memberInfo</pattern>
	</excludes>

</decorators>